power_mW,S_parameter,correlation_E,visibility
20,2.803773941064219,-0.9914335010835287,-0.9914335010835287
50,2.797618478715947,-0.9892568878062047,-0.9892568878062047
100,2.7881328018949723,-0.9859026880816735,-0.9859026880816735
150,2.7810607784756636,-0.9834019725868683,-0.9834019725868683
200,2.771883773987579,-0.9801569214949005,-0.9801569214949005
250,2.7652768861071184,-0.9778206810845539,-0.9778206810845539
