# Real part: HH,HV,VH,VV
4.829410149953847209e-01,1.458557057902995632e-03,6.200761141150061854e-04,4.765519832957031965e-01
1.458557057902995632e-03,1.323138542870527790e-02,1.193160674915784251e-03,-4.599211318738810270e-03
6.200761141150061854e-04,1.193160674915784251e-03,1.251975823727999142e-02,-6.311378392899452856e-03
4.765519832957031965e-01,-4.599211318738810270e-03,-6.311378392899452856e-03,4.913078413386299803e-01
